ID,Title
9376,Student Council
9377,Debate Club
9378,Chess Club
9379,Drama Club
9380,Robotics Club
9381,Photography Club
9382,Environmental Club
9383,Science Club
9384,Art Club
9385,Music Club
9386,Dance Club
9387,Coding/Computer Programming Club
9388,Model United Nations (MUN)
9389,Book Club
9390,Community Service Club
9391,Film Club
9392,"Language Club (e.g., French Club, Spanish Club)"
9393,Creative Writing Club
9394,Yoga Club
9395,Martial Arts Club
9396,Quiz Bowl/Trivia Club
9397,Astronomy Club
9398,History Club
9399,Psychology Club
9400,Culinary Club
9401,Fitness/Health Club
9402,Math Club
9403,National Honor Society
9404,Student Newspaper
9405,Yearbook Committee
9406,Debate Team
9407,Business Club
9408,Anime Club
9409,Gardening Club
9410,Technology Club
9411,Diversity and Inclusion Club
9412,Community Outreach Club
9413,Chess Team
9414,Film Production Club
9415,Model Rocketry Club
